State,County,Judicial District
Alaska,All Counties,AK
Arizona,All Counties,AZ
Arkansas,Arkansas County,ARE
Arkansas,Ashley County,ARW
Arkansas,Baxter County,ARW
Arkansas,Benton County,ARW
Arkansas,Boone County,ARW
Arkansas,Bradley County,ARW
Arkansas,Calhoun County,ARW
Arkansas,Carroll County,ARW
Arkansas,Chicot County,ARE
Arkansas,Clark County,ARW
Arkansas,Clay County,ARE
Arkansas,Cleburne County,ARE
Arkansas,Cleveland County,ARE
Arkansas,Columbia County,ARW
Arkansas,Conway County,ARE
Arkansas,Craighead County,ARE
Arkansas,Crawford County,ARW
Arkansas,Crittenden County,ARE
Arkansas,Cross County,ARE
Arkansas,Dallas County,ARE
Arkansas,Desha County,ARE
Arkansas,Drew County,ARE
Arkansas,Faulkner County,ARE
Arkansas,Franklin County,ARW
Arkansas,Fulton County,ARE
Arkansas,Garland County,ARW
Arkansas,Grant County,ARE
Arkansas,Greene County,ARE
Arkansas,Hempstead County,ARW
Arkansas,Hot Spring County,ARW
Arkansas,Howard County,ARW
Arkansas,Independence County,ARE
Arkansas,Izard County,ARE
Arkansas,Jackson County,ARE
Arkansas,Jefferson County,ARE
Arkansas,Johnson County,ARW
Arkansas,Lafayette County,ARW
Arkansas,Lawrence County,ARE
Arkansas,Lee County,ARE
Arkansas,Lincoln County,ARE
Arkansas,Little River County,ARW
Arkansas,Logan County,ARW
Arkansas,Lonoke County,ARE
Arkansas,Madison County,ARW
Arkansas,Marion County,ARW
Arkansas,Miller County,ARW
Arkansas,Mississippi County,ARE
Arkansas,Monroe County,ARE
Arkansas,Montgomery County,ARW
Arkansas,Nevada County,ARW
Arkansas,Newton County,ARW
Arkansas,Ouachita County,ARW
Arkansas,Perry County,ARE
Arkansas,Phillips County,ARE
Arkansas,Pike County,ARW
Arkansas,Poinsett County,ARE
Arkansas,Polk County,ARW
Arkansas,Pope County,ARE
Arkansas,Prairie County,ARE
Arkansas,Pulaski County,ARE
Arkansas,Randolph County,ARE
Arkansas,Saline County,ARE
Arkansas,Scott County,ARW
Arkansas,Searcy County,ARW
Arkansas,Sebastian County,ARW
Arkansas,Sevier County,ARW
Arkansas,Sharp County,ARE
Arkansas,St. Francis County,ARE
Arkansas,Stone County,ARE
Arkansas,Union County,ARW
Arkansas,Van Buren County,ARE
Arkansas,Washington County,ARW
Arkansas,White County,ARE
Arkansas,Woodruff County,ARE
Arkansas,Yell County,ARE
California,Alameda County,CAN
California,Alpine County,CAE
California,Amador County,CAE
California,Butte County,CAE
California,Calaveras County,CAE
California,Colusa County,CAE
California,Contra Costa County,CAN
California,Del Norte County,CAN
California,El Dorado County,CAE
California,Fresno County,CAE
California,Glenn County,CAE
California,Humboldt County,CAN
California,Imperial County,CAS
California,Inyo County,CAE
California,Kern County,CAE
California,Kings County,CAE
California,Lake County,CAN
California,Lassen County,CAE
California,Los Angeles County,CAC
California,Madera County,CAE
California,Marin County,CAN
California,Mariposa County,CAE
California,Mendocino County,CAN
California,Merced County,CAE
California,Modoc County,CAE
California,Mono County,CAE
California,Monterey County,CAN
California,Napa County,CAN
California,Nevada County,CAE
California,Orange County,CAC
California,Placer County,CAE
California,Plumas County,CAE
California,Riverside County,CAC
California,Sacramento County,CAE
California,San Benito County,CAN
California,San Bernardino County,CAC
California,San Diego County,CAS
California,San Francisco County,CAN
California,San Joaquin County,CAE
California,San Luis Obispo County,CAC
California,San Mateo County,CAN
California,Santa Barbara County,CAC
California,Santa Clara County,CAN
California,Santa Cruz County,CAN
California,Shasta County,CAE
California,Sierra County,CAE
California,Siskiyou County,CAE
California,Solano County,CAE
California,Sonoma County,CAN
California,Stanislaus County,CAE
California,Sutter County,CAE
California,Tehama County,CAE
California,Trinity County,CAE
California,Tulare County,CAE
California,Tuolumne County,CAE
California,Ventura County,CAC
California,Yolo County,CAE
California,Yuba County,CAE
Colorado,All Counties,CO
Connecticut,All Counties,CT
District of Columbia,District of Columbia,DC
Delaware,All Counties,DE
Florida,Alachua County,FLN
Florida,Baker County,FLM
Florida,Bay County,FLN
Florida,Bradford County,FLM
Florida,Brevard County,FLM
Florida,Broward County,FLS
Florida,Calhoun County,FLN
Florida,Charlotte County,FLM
Florida,Citrus County,FLM
Florida,Clay County,FLM
Florida,Collier County,FLM
Florida,Columbia County,FLM
Florida,DeSoto County,FLM
Florida,Dixie County,FLN
Florida,Duval County,FLM
Florida,Escambia County,FLN
Florida,Flagler County,FLM
Florida,Franklin County,FLN
Florida,Gadsden County,FLN
Florida,Gilchrist County,FLN
Florida,Glades County,FLM
Florida,Gulf County,FLN
Florida,Hamilton County,FLM
Florida,Hardee County,FLM
Florida,Hendry County,FLM
Florida,Hernando County,FLM
Florida,Highlands County,FLS
Florida,Hillsborough County,FLM
Florida,Holmes County,FLN
Florida,Indian River County,FLS
Florida,Jackson County,FLN
Florida,Jefferson County,FLN
Florida,Lafayette County,FLN
Florida,Lake County,FLM
Florida,Lee County,FLM
Florida,Leon County,FLN
Florida,Levy County,FLN
Florida,Liberty County,FLN
Florida,Madison County,FLN
Florida,Manatee County,FLM
Florida,Marion County,FLM
Florida,Martin County,FLS
Florida,Miami-Dade County,FLS
Florida,Monroe County,FLS
Florida,Nassau County,FLM
Florida,Okaloosa County,FLN
Florida,Okeechobee County,FLS
Florida,Orange County,FLM
Florida,Osceola County,FLM
Florida,Palm Beach County,FLS
Florida,Pasco County,FLM
Florida,Pinellas County,FLM
Florida,Polk County,FLM
Florida,Putnam County,FLM
Florida,Santa Rosa County,FLN
Florida,Sarasota County,FLM
Florida,Seminole County,FLM
Florida,St. Johns County,FLM
Florida,St. Lucie County,FLS
Florida,Sumter County,FLM
Florida,Suwannee County,FLM
Florida,Taylor County,FLN
Florida,Union County,FLM
Florida,Volusia County,FLM
Florida,Wakulla County,FLN
Florida,Walton County,FLN
Florida,Washington County,FLN
Georgia,Appling County,GAS
Georgia,Atkinson County,GAS
Georgia,Bacon County,GAS
Georgia,Baker County,GAM
Georgia,Baldwin County,GAM
Georgia,Banks County,GAN
Georgia,Barrow County,GAN
Georgia,Bartow County,GAN
Georgia,Ben Hill County,GAM
Georgia,Berrien County,GAM
Georgia,Bibb County,GAM
Georgia,Bleckley County,GAM
Georgia,Brantley County,GAS
Georgia,Brooks County,GAM
Georgia,Bryan County,GAS
Georgia,Bulloch County,GAS
Georgia,Burke County,GAS
Georgia,Butts County,GAM
Georgia,Calhoun County,GAM
Georgia,Camden County,GAS
Georgia,Candler County,GAS
Georgia,Carroll County,GAN
Georgia,Catoosa County,GAN
Georgia,Charlton County,GAS
Georgia,Chatham County,GAS
Georgia,Chattahoochee County,GAM
Georgia,Chattooga County,GAN
Georgia,Cherokee County,GAN
Georgia,Clarke County,GAM
Georgia,Clay County,GAM
Georgia,Clayton County,GAN
Georgia,Clinch County,GAM
Georgia,Cobb County,GAN
Georgia,Coffee County,GAS
Georgia,Colquitt County,GAM
Georgia,Columbia County,GAS
Georgia,Cook County,GAM
Georgia,Coweta County,GAN
Georgia,Crawford County,GAM
Georgia,Crisp County,GAM
Georgia,Dade County,GAN
Georgia,Dawson County,GAN
Georgia,Decatur County,GAM
Georgia,DeKalb County,GAN
Georgia,Dodge County,GAS
Georgia,Dooly County,GAM
Georgia,Dougherty County,GAM
Georgia,Douglas County,GAN
Georgia,Early County,GAM
Georgia,Echols County,GAM
Georgia,Effingham County,GAS
Georgia,Elbert County,GAM
Georgia,Emanuel County,GAS
Georgia,Evans County,GAS
Georgia,Fannin County,GAN
Georgia,Fayette County,GAN
Georgia,Floyd County,GAN
Georgia,Forsyth County,GAN
Georgia,Franklin County,GAM
Georgia,Fulton County,GAN
Georgia,Gilmer County,GAN
Georgia,Glascock County,GAS
Georgia,Glynn County,GAS
Georgia,Gordon County,GAN
Georgia,Grady County,GAM
Georgia,Greene County,GAM
Georgia,Gwinnett County,GAN
Georgia,Habersham County,GAN
Georgia,Hall County,GAN
Georgia,Hancock County,GAM
Georgia,Haralson County,GAN
Georgia,Harris County,GAM
Georgia,Hart County,GAM
Georgia,Heard County,GAN
Georgia,Henry County,GAN
Georgia,Houston County,GAM
Georgia,Irwin County,GAM
Georgia,Jackson County,GAN
Georgia,Jasper County,GAM
Georgia,Jeff Davis County,GAS
Georgia,Jefferson County,GAS
Georgia,Jenkins County,GAS
Georgia,Johnson County,GAS
Georgia,Jones County,GAM
Georgia,Lamar County,GAM
Georgia,Lanier County,GAM
Georgia,Laurens County,GAS
Georgia,Lee County,GAM
Georgia,Liberty County,GAS
Georgia,Lincoln County,GAS
Georgia,Long County,GAS
Georgia,Lowndes County,GAM
Georgia,Lumpkin County,GAN
Georgia,Macon County,GAM
Georgia,Madison County,GAM
Georgia,Marion County,GAM
Georgia,McDuffie County,GAS
Georgia,McIntosh County,GAS
Georgia,Meriwether County,GAN
Georgia,Miller County,GAM
Georgia,Mitchell County,GAM
Georgia,Monroe County,GAM
Georgia,Montgomery County,GAS
Georgia,Morgan County,GAM
Georgia,Murray County,GAN
Georgia,Muscogee County,GAM
Georgia,Newton County,GAN
Georgia,Oconee County,GAM
Georgia,Oglethorpe County,GAM
Georgia,Paulding County,GAN
Georgia,Peach County,GAM
Georgia,Pickens County,GAN
Georgia,Pierce County,GAS
Georgia,Pike County,GAN
Georgia,Polk County,GAN
Georgia,Pulaski County,GAM
Georgia,Putnam County,GAM
Georgia,Quitman County,GAM
Georgia,Rabun County,GAN
Georgia,Randolph County,GAM
Georgia,Richmond County,GAS
Georgia,Rockdale County,GAN
Georgia,Schley County,GAM
Georgia,Screven County,GAS
Georgia,Seminole County,GAM
Georgia,Spalding County,GAN
Georgia,Stephens County,GAN
Georgia,Stewart County,GAM
Georgia,Sumter County,GAM
Georgia,Talbot County,GAM
Georgia,Taliaferro County,GAS
Georgia,Tattnall County,GAS
Georgia,Taylor County,GAM
Georgia,Telfair County,GAS
Georgia,Terrell County,GAM
Georgia,Thomas County,GAM
Georgia,Tift County,GAM
Georgia,Toombs County,GAS
Georgia,Towns County,GAN
Georgia,Treutlen County,GAS
Georgia,Troup County,GAN
Georgia,Turner County,GAM
Georgia,Twiggs County,GAM
Georgia,Union County,GAN
Georgia,Upson County,GAM
Georgia,Walker County,GAN
Georgia,Walton County,GAM
Georgia,Ware County,GAS
Georgia,Warren County,GAS
Georgia,Washington County,GAM
Georgia,Wayne County,GAS
Georgia,Webster County,GAM
Georgia,Wheeler County,GAS
Georgia,White County,GAN
Georgia,Whitfield County,GAN
Georgia,Wilcox County,GAM
Georgia,Wilkes County,GAS
Georgia,Wilkinson County,GAM
Georgia,Worth County,GAM
Guam,All Counties,GUAM
Hawaii,Hawaii County,HI
Hawaii,Honolulu County,HI
Hawaii,Kalawao County,HI
Hawaii,Kauai County,HI
Hawaii,Maui County,HI
Idaho,All Counties,ID
Illinois,Adams County,ILC
Illinois,Alexander County,ILS
Illinois,Bond County,ILS
Illinois,Boone County,ILN
Illinois,Brown County,ILC
Illinois,Bureau County,ILC
Illinois,Calhoun County,ILS
Illinois,Carroll County,ILN
Illinois,Cass County,ILC
Illinois,Champaign County,ILC
Illinois,Christian County,ILC
Illinois,Clark County,ILS
Illinois,Clay County,ILS
Illinois,Clinton County,ILS
Illinois,Coles County,ILC
Illinois,Cook County,ILN
Illinois,Crawford County,ILS
Illinois,Cumberland County,ILS
Illinois,De Witt County,ILC
Illinois,DeKalb County,ILN
Illinois,Douglas County,ILC
Illinois,DuPage County,ILN
Illinois,Edgar County,ILC
Illinois,Edwards County,ILS
Illinois,Effingham County,ILS
Illinois,Fayette County,ILS
Illinois,Ford County,ILC
Illinois,Franklin County,ILS
Illinois,Fulton County,ILC
Illinois,Gallatin County,ILS
Illinois,Greene County,ILC
Illinois,Grundy County,ILN
Illinois,Hamilton County,ILS
Illinois,Hancock County,ILC
Illinois,Hardin County,ILS
Illinois,Henderson County,ILC
Illinois,Henry County,ILC
Illinois,Iroquois County,ILC
Illinois,Jackson County,ILS
Illinois,Jasper County,ILS
Illinois,Jefferson County,ILS
Illinois,Jersey County,ILS
Illinois,Jo Daviess County,ILN
Illinois,Johnson County,ILS
Illinois,Kane County,ILN
Illinois,Kankakee County,ILC
Illinois,Kendall County,ILN
Illinois,Knox County,ILC
Illinois,La Salle County,ILN
Illinois,Lake County,ILN
Illinois,Lawrence County,ILS
Illinois,Lee County,ILN
Illinois,Livingston County,ILC
Illinois,Logan County,ILC
Illinois,Macon County,ILC
Illinois,Macoupin County,ILC
Illinois,Madison County,ILS
Illinois,Marion County,ILS
Illinois,Marshall County,ILC
Illinois,Mason County,ILC
Illinois,Massac County,ILS
Illinois,McDonough County,ILC
Illinois,McHenry County,ILN
Illinois,McLean County,ILC
Illinois,Menard County,ILC
Illinois,Mercer County,ILC
Illinois,Monroe County,ILS
Illinois,Montgomery County,ILC
Illinois,Morgan County,ILC
Illinois,Moultrie County,ILC
Illinois,Ogle County,ILN
Illinois,Peoria County,ILC
Illinois,Perry County,ILS
Illinois,Piatt County,ILC
Illinois,Pike County,ILC
Illinois,Pope County,ILS
Illinois,Pulaski County,ILS
Illinois,Putnam County,ILC
Illinois,Randolph County,ILS
Illinois,Richland County,ILS
Illinois,Rock Island County,ILC
Illinois,Saline County,ILS
Illinois,Sangamon County,ILC
Illinois,Schuyler County,ILC
Illinois,Scott County,ILC
Illinois,Shelby County,ILC
Illinois,St. Clair County,ILS
Illinois,Stark County,ILC
Illinois,Stephenson County,ILN
Illinois,Tazewell County,ILC
Illinois,Union County,ILS
Illinois,Vermilion County,ILC
Illinois,Wabash County,ILS
Illinois,Warren County,ILC
Illinois,Washington County,ILS
Illinois,Wayne County,ILS
Illinois,White County,ILS
Illinois,Whiteside County,ILN
Illinois,Will County,ILN
Illinois,Williamson County,ILS
Illinois,Winnebago County,ILN
Illinois,Woodford County,ILC
Illinois,Adams County,INN
Illinois,Allen County,INN
Illinois,Bartholomew County,INS
Illinois,Benton County,INN
Illinois,Blackford County,INN
Illinois,Boone County,INS
Illinois,Brown County,INS
Illinois,Carroll County,INN
Illinois,Cass County,INN
Illinois,Clark County,INS
Illinois,Clay County,INS
Illinois,Clinton County,INS
Illinois,Crawford County,INS
Illinois,Daviess County,INS
Illinois,Dearborn County,INS
Illinois,Decatur County,INS
Illinois,DeKalb County,INN
Illinois,Delaware County,INS
Illinois,Dubois County,INS
Illinois,Elkhart County,INN
Illinois,Fayette County,INS
Illinois,Floyd County,INS
Illinois,Fountain County,INS
Illinois,Franklin County,INS
Illinois,Fulton County,INN
Illinois,Gibson County,INS
Illinois,Grant County,INN
Illinois,Greene County,INS
Illinois,Hamilton County,INS
Illinois,Hancock County,INS
Illinois,Harrison County,INS
Illinois,Hendricks County,INS
Illinois,Henry County,INS
Illinois,Howard County,INS
Illinois,Huntington County,INN
Illinois,Jackson County,INS
Illinois,Jasper County,INN
Illinois,Jay County,INN
Illinois,Jefferson County,INS
Illinois,Jennings County,INS
Illinois,Johnson County,INS
Illinois,Knox County,INS
Illinois,Kosciusko County,INN
Illinois,LaGrange County,INN
Illinois,Lake County,INN
Illinois,LaPorte County,INN
Illinois,Lawrence County,INS
Illinois,Madison County,INS
Illinois,Marion County,INS
Illinois,Marshall County,INN
Illinois,Martin County,INS
Illinois,Miami County,INN
Illinois,Monroe County,INS
Illinois,Montgomery County,INS
Illinois,Morgan County,INS
Illinois,Newton County,INN
Illinois,Noble County,INN
Illinois,Ohio County,INS
Illinois,Orange County,INS
Illinois,Owen County,INS
Illinois,Parke County,INS
Illinois,Perry County,INS
Illinois,Pike County,INS
Illinois,Porter County,INN
Illinois,Posey County,INS
Illinois,Pulaski County,INN
Illinois,Putnam County,INS
Illinois,Randolph County,INS
Illinois,Ripley County,INS
Illinois,Rush County,INS
Illinois,Scott County,INS
Illinois,Shelby County,INS
Illinois,Spencer County,INS
Illinois,St. Joseph County,INN
Illinois,Starke County,INN
Illinois,Steuben County,INN
Illinois,Sullivan County,INS
Illinois,Switzerland County,INS
Illinois,Tippecanoe County,INN
Illinois,Tipton County,INS
Illinois,Union County,INS
Illinois,Vanderburgh County,INS
Illinois,Vermillion County,INS
Illinois,Vigo County,INS
Illinois,Wabash County,INN
Illinois,Warren County,INN
Illinois,Warrick County,INS
Illinois,Washington County,INS
Illinois,Wayne County,INS
Illinois,Wells County,INN
Illinois,White County,INN
Illinois,Whitley County,INN
Iowa,Adair County,IAS
Iowa,Adams County,IAS
Iowa,Allamakee County,IAN
Iowa,Appanoose County,IAS
Iowa,Audubon County,IAS
Iowa,Benton County,IAN
Iowa,Black Hawk County,IAN
Iowa,Boone County,IAS
Iowa,Bremer County,IAN
Iowa,Buchanan County,IAN
Iowa,Buena Vista County,IAN
Iowa,Butler County,IAN
Iowa,Calhoun County,IAN
Iowa,Carroll County,IAN
Iowa,Cass County,IAS
Iowa,Cedar County,IAN
Iowa,Cerro Gordo County,IAN
Iowa,Cherokee County,IAN
Iowa,Chickasaw County,IAN
Iowa,Clarke County,IAS
Iowa,Clay County,IAN
Iowa,Clayton County,IAN
Iowa,Clinton County,IAS
Iowa,Crawford County,IAN
Iowa,Dallas County,IAS
Iowa,Davis County,IAS
Iowa,Decatur County,IAS
Iowa,Delaware County,IAN
Iowa,Des Moines County,IAS
Iowa,Dickinson County,IAN
Iowa,Dubuque County,IAN
Iowa,Emmet County,IAN
Iowa,Fayette County,IAN
Iowa,Floyd County,IAN
Iowa,Franklin County,IAN
Iowa,Fremont County,IAS
Iowa,Greene County,IAS
Iowa,Grundy County,IAN
Iowa,Guthrie County,IAS
Iowa,Hamilton County,IAN
Iowa,Hancock County,IAN
Iowa,Hardin County,IAN
Iowa,Harrison County,IAS
Iowa,Henry County,IAS
Iowa,Howard County,IAN
Iowa,Humboldt County,IAN
Iowa,Ida County,IAN
Iowa,Iowa County,IAN
Iowa,Jackson County,IAN
Iowa,Jasper County,IAS
Iowa,Jefferson County,IAS
Iowa,Johnson County,IAS
Iowa,Jones County,IAN
Iowa,Keokuk County,IAS
Iowa,Kossuth County,IAN
Iowa,Lee County,IAS
Iowa,Linn County,IAN
Iowa,Louisa County,IAS
Iowa,Lucas County,IAS
Iowa,Lyon County,IAN
Iowa,Madison County,IAS
Iowa,Mahaska County,IAS
Iowa,Marion County,IAS
Iowa,Marshall County,IAS
Iowa,Mills County,IAS
Iowa,Mitchell County,IAN
Iowa,Monona County,IAN
Iowa,Monroe County,IAS
Iowa,Montgomery County,IAS
Iowa,Muscatine County,IAS
Iowa,O'Brien County,IAN
Iowa,Osceola County,IAN
Iowa,Page County,IAS
Iowa,Palo Alto County,IAN
Iowa,Plymouth County,IAN
Iowa,Pocahontas County,IAN
Iowa,Polk County,IAS
Iowa,Pottawattamie County,IAS
Iowa,Poweshiek County,IAS
Iowa,Ringgold County,IAS
Iowa,Sac County,IAN
Iowa,Scott County,IAS
Iowa,Shelby County,IAS
Iowa,Sioux County,IAN
Iowa,Story County,IAS
Iowa,Tama County,IAN
Iowa,Taylor County,IAS
Iowa,Union County,IAS
Iowa,Van Buren County,IAS
Iowa,Wapello County,IAS
Iowa,Warren County,IAS
Iowa,Washington County,IAS
Iowa,Wayne County,IAS
Iowa,Webster County,IAN
Iowa,Winnebago County,IAN
Iowa,Winneshiek County,IAN
Iowa,Woodbury County,IAN
Iowa,Worth County,IAN
Iowa,Wright County,IAN
Kansas,All Counties,KS
Kentucky,Adair County,KYW
Kentucky,Allen County,KYW
Kentucky,Anderson County,KYE
Kentucky,Ballard County,KYW
Kentucky,Barren County,KYW
Kentucky,Bath County,KYE
Kentucky,Bell County,KYE
Kentucky,Boone County,KYE
Kentucky,Bourbon County,KYE
Kentucky,Boyd County,KYE
Kentucky,Boyle County,KYE
Kentucky,Bracken County,KYE
Kentucky,Breathitt County,KYE
Kentucky,Breckinridge County,KYW
Kentucky,Bullitt County,KYW
Kentucky,Butler County,KYW
Kentucky,Caldwell County,KYW
Kentucky,Calloway County,KYW
Kentucky,Campbell County,KYE
Kentucky,Carlisle County,KYW
Kentucky,Carroll County,KYE
Kentucky,Carter County,KYE
Kentucky,Casey County,KYW
Kentucky,Christian County,KYW
Kentucky,Clark County,KYE
Kentucky,Clay County,KYE
Kentucky,Clinton County,KYW
Kentucky,Crittenden County,KYW
Kentucky,Cumberland County,KYW
Kentucky,Daviess County,KYW
Kentucky,Edmonson County,KYW
Kentucky,Elliott County,KYE
Kentucky,Estill County,KYE
Kentucky,Fayette County,KYE
Kentucky,Fleming County,KYE
Kentucky,Floyd County,KYE
Kentucky,Franklin County,KYE
Kentucky,Fulton County,KYW
Kentucky,Gallatin County,KYE
Kentucky,Garrard County,KYE
Kentucky,Grant County,KYE
Kentucky,Graves County,KYW
Kentucky,Grayson County,KYW
Kentucky,Green County,KYW
Kentucky,Greenup County,KYE
Kentucky,Hancock County,KYW
Kentucky,Hardin County,KYW
Kentucky,Harlan County,KYE
Kentucky,Harrison County,KYE
Kentucky,Hart County,KYW
Kentucky,Henderson County,KYW
Kentucky,Henry County,KYE
Kentucky,Hickman County,KYW
Kentucky,Hopkins County,KYW
Kentucky,Jackson County,KYE
Kentucky,Jefferson County,KYW
Kentucky,Jessamine County,KYE
Kentucky,Johnson County,KYE
Kentucky,Kenton County,KYE
Kentucky,Knott County,KYE
Kentucky,Knox County,KYE
Kentucky,Larue County,KYW
Kentucky,Laurel County,KYE
Kentucky,Lawrence County,KYE
Kentucky,Lee County,KYE
Kentucky,Leslie County,KYE
Kentucky,Letcher County,KYE
Kentucky,Lewis County,KYE
Kentucky,Lincoln County,KYE
Kentucky,Livingston County,KYW
Kentucky,Logan County,KYW
Kentucky,Lyon County,KYW
Kentucky,Madison County,KYE
Kentucky,Magoffin County,KYE
Kentucky,Marion County,KYW
Kentucky,Marshall County,KYW
Kentucky,Martin County,KYE
Kentucky,Mason County,KYE
Kentucky,McCracken County,KYW
Kentucky,McCreary County,KYE
Kentucky,McLean County,KYW
Kentucky,Meade County,KYW
Kentucky,Menifee County,KYE
Kentucky,Mercer County,KYE
Kentucky,Metcalfe County,KYW
Kentucky,Monroe County,KYW
Kentucky,Montgomery County,KYE
Kentucky,Morgan County,KYE
Kentucky,Muhlenberg County,KYW
Kentucky,Nelson County,KYW
Kentucky,Nicholas County,KYE
Kentucky,Ohio County,KYW
Kentucky,Oldham County,KYW
Kentucky,Owen County,KYE
Kentucky,Owsley County,KYE
Kentucky,Pendleton County,KYE
Kentucky,Perry County,KYE
Kentucky,Pike County,KYE
Kentucky,Powell County,KYE
Kentucky,Pulaski County,KYE
Kentucky,Robertson County,KYE
Kentucky,Rockcastle County,KYE
Kentucky,Rowan County,KYE
Kentucky,Russell County,KYW
Kentucky,Scott County,KYE
Kentucky,Shelby County,KYE
Kentucky,Simpson County,KYW
Kentucky,Spencer County,KYW
Kentucky,Taylor County,KYW
Kentucky,Todd County,KYW
Kentucky,Trigg County,KYW
Kentucky,Trimble County,KYE
Kentucky,Union County,KYW
Kentucky,Warren County,KYW
Kentucky,Washington County,KYW
Kentucky,Wayne County,KYE
Kentucky,Webster County,KYW
Kentucky,Whitley County,KYE
Kentucky,Wolfe County,KYE
Kentucky,Woodford County,KYE
Louisiana,Acadia Parish,LAW
Louisiana,Allen Parish,LAW
Louisiana,Ascension Parish,LAM
Louisiana,Assumption Parish,LAE
Louisiana,Avoyelles Parish,LAW
Louisiana,Beauregard Parish,LAW
Louisiana,Bienville Parish,LAW
Louisiana,Bossier Parish,LAW
Louisiana,Caddo Parish,LAW
Louisiana,Calcasieu Parish,LAW
Louisiana,Caldwell Parish,LAW
Louisiana,Cameron Parish,LAW
Louisiana,Catahoula Parish,LAW
Louisiana,Claiborne Parish,LAW
Louisiana,Concordia Parish,LAW
Louisiana,De Soto Parish,LAW
Louisiana,East Baton Rouge Parish,LAM
Louisiana,East Carroll Parish,LAW
Louisiana,East Feliciana Parish,LAM
Louisiana,Evangeline Parish,LAW
Louisiana,Franklin Parish,LAW
Louisiana,Grant Parish,LAW
Louisiana,Iberia Parish,LAW
Louisiana,Iberville Parish,LAM
Louisiana,Jackson Parish,LAW
Louisiana,Jefferson Davis Parish,LAW
Louisiana,Jefferson Parish,LAE
Louisiana,La Salle Parish,LAW
Louisiana,Lafayette Parish,LAW
Louisiana,Lafourche Parish,LAE
Louisiana,Lincoln Parish,LAW
Louisiana,Livingston Parish,LAM
Louisiana,Madison Parish,LAW
Louisiana,Morehouse Parish,LAW
Louisiana,Natchitoches Parish,LAW
Louisiana,Orleans Parish,LAE
Louisiana,Ouachita Parish,LAW
Louisiana,Plaquemines Parish,LAE
Louisiana,Pointe Coupee Parish,LAM
Louisiana,Rapides Parish,LAW
Louisiana,Red River Parish,LAW
Louisiana,Richland Parish,LAW
Louisiana,Sabine Parish,LAW
Louisiana,St. Bernard Parish,LAE
Louisiana,St. Charles Parish,LAE
Louisiana,St. Helena Parish,LAM
Louisiana,St. James Parish,LAE
Louisiana,St. John the Baptist Parish,LAE
Louisiana,St. Landry Parish,LAW
Louisiana,St. Martin Parish,LAW
Louisiana,St. Mary Parish,LAW
Louisiana,St. Tammany Parish,LAE
Louisiana,Tangipahoa Parish,LAE
Louisiana,Tensas Parish,LAW
Louisiana,Terrebonne Parish,LAE
Louisiana,Union Parish,LAW
Louisiana,Vermilion Parish,LAW
Louisiana,Vernon Parish,LAW
Louisiana,Washington Parish,LAE
Louisiana,Webster Parish,LAW
Louisiana,West Baton Rouge Parish,LAM
Louisiana,West Carroll Parish,LAW
Louisiana,West Feliciana Parish,LAM
Louisiana,Winn Parish,LAW
Maine,All Counties,ME
Maryland,All Counties,MD
Massachusetts,All Counties,MA
Michigan,Alcona County,MIE
Michigan,Alger County,MIW
Michigan,Allegan County,MIW
Michigan,Alpena County,MIE
Michigan,Antrim County,MIW
Michigan,Arenac County,MIE
Michigan,Baraga County,MIW
Michigan,Barry County,MIW
Michigan,Bay County,MIE
Michigan,Benzie County,MIW
Michigan,Berrien County,MIW
Michigan,Branch County,MIW
Michigan,Calhoun County,MIW
Michigan,Cass County,MIW
Michigan,Charlevoix County,MIW
Michigan,Cheboygan County,MIE
Michigan,Chippewa County,MIW
Michigan,Clare County,MIE
Michigan,Clinton County,MIW
Michigan,Crawford County,MIE
Michigan,Delta County,MIW
Michigan,Dickinson County,MIW
Michigan,Eaton County,MIW
Michigan,Emmet County,MIW
Michigan,Genesee County,MIE
Michigan,Gladwin County,MIE
Michigan,Gogebic County,MIW
Michigan,Grand Traverse County,MIW
Michigan,Gratiot County,MIE
Michigan,Hillsdale County,MIW
Michigan,Houghton County,MIW
Michigan,Huron County,MIE
Michigan,Ingham County,MIW
Michigan,Ionia County,MIW
Michigan,Iosco County,MIE
Michigan,Iron County,MIW
Michigan,Isabella County,MIE
Michigan,Jackson County,MIE
Michigan,Kalamazoo County,MIW
Michigan,Kalkaska County,MIW
Michigan,Kent County,MIW
Michigan,Keweenaw County,MIW
Michigan,Lake County,MIW
Michigan,Lapeer County,MIE
Michigan,Leelanau County,MIW
Michigan,Lenawee County,MIE
Michigan,Livingston County,MIE
Michigan,Luce County,MIW
Michigan,Mackinac County,MIW
Michigan,Macomb County,MIE
Michigan,Manistee County,MIW
Michigan,Marquette County,MIW
Michigan,Mason County,MIW
Michigan,Mecosta County,MIW
Michigan,Menominee County,MIW
Michigan,Midland County,MIE
Michigan,Missaukee County,MIW
Michigan,Monroe County,MIE
Michigan,Montcalm County,MIW
Michigan,Montmorency County,MIE
Michigan,Muskegon County,MIW
Michigan,Newaygo County,MIW
Michigan,Oakland County,MIE
Michigan,Oceana County,MIW
Michigan,Ogemaw County,MIE
Michigan,Ontonagon County,MIW
Michigan,Osceola County,MIW
Michigan,Oscoda County,MIE
Michigan,Otsego County,MIE
Michigan,Ottawa County,MIW
Michigan,Presque Isle County,MIE
Michigan,Roscommon County,MIE
Michigan,Saginaw County,MIE
Michigan,Sanilac County,MIE
Michigan,Schoolcraft County,MIW
Michigan,Shiawassee County,MIE
Michigan,St. Clair County,MIE
Michigan,St. Joseph County,MIW
Michigan,Tuscola County,MIE
Michigan,Van Buren County,MIW
Michigan,Washtenaw County,MIE
Michigan,Wayne County,MIE
Michigan,Wexford County,MIW
Minnesota,All Counties,MN
Missouri,Adair County,MOE
Missouri,Andrew County,MOW
Missouri,Atchison County,MOW
Missouri,Audrain County,MOE
Missouri,Barry County,MOW
Missouri,Barton County,MOW
Missouri,Bates County,MOW
Missouri,Benton County,MOW
Missouri,Bollinger County,MOE
Missouri,Boone County,MOW
Missouri,Buchanan County,MOW
Missouri,Butler County,MOE
Missouri,Caldwell County,MOW
Missouri,Callaway County,MOW
Missouri,Camden County,MOW
Missouri,Cape Girardeau County,MOE
Missouri,Carroll County,MOW
Missouri,Carter County,MOE
Missouri,Cass County,MOW
Missouri,Cedar County,MOW
Missouri,Chariton County,MOE
Missouri,Christian County,MOW
Missouri,Clark County,MOE
Missouri,Clay County,MOW
Missouri,Clinton County,MOW
Missouri,Cole County,MOW
Missouri,Cooper County,MOW
Missouri,Crawford County,MOE
Missouri,Dade County,MOW
Missouri,Dallas County,MOW
Missouri,Daviess County,MOW
Missouri,DeKalb County,MOW
Missouri,Dent County,MOE
Missouri,Douglas County,MOW
Missouri,Dunklin County,MOE
Missouri,Franklin County,MOE
Missouri,Gasconade County,MOE
Missouri,Gentry County,MOW
Missouri,Greene County,MOW
Missouri,Grundy County,MOW
Missouri,Harrison County,MOW
Missouri,Henry County,MOW
Missouri,Hickory County,MOW
Missouri,Holt County,MOW
Missouri,Howard County,MOW
Missouri,Howell County,MOW
Missouri,Iron County,MOE
Missouri,Jackson County,MOW
Missouri,Jasper County,MOW
Missouri,Jefferson County,MOE
Missouri,Johnson County,MOW
Missouri,Knox County,MOE
Missouri,Laclede County,MOW
Missouri,Lafayette County,MOW
Missouri,Lawrence County,MOW
Missouri,Lewis County,MOE
Missouri,Lincoln County,MOE
Missouri,Linn County,MOE
Missouri,Livingston County,MOW
Missouri,Macon County,MOE
Missouri,Madison County,MOE
Missouri,Maries County,MOE
Missouri,Marion County,MOE
Missouri,McDonald County,MOW
Missouri,Mercer County,MOW
Missouri,Miller County,MOW
Missouri,Mississippi County,MOE
Missouri,Moniteau County,MOW
Missouri,Monroe County,MOE
Missouri,Montgomery County,MOE
Missouri,Morgan County,MOW
Missouri,New Madrid County,MOE
Missouri,Newton County,MOW
Missouri,Nodaway County,MOW
Missouri,Oregon County,MOW
Missouri,Osage County,MOW
Missouri,Ozark County,MOW
Missouri,Pemiscot County,MOE
Missouri,Perry County,MOE
Missouri,Pettis County,MOW
Missouri,Phelps County,MOE
Missouri,Pike County,MOE
Missouri,Platte County,MOW
Missouri,Polk County,MOW
Missouri,Pulaski County,MOW
Missouri,Putnam County,MOW
Missouri,Ralls County,MOE
Missouri,Randolph County,MOE
Missouri,Ray County,MOW
Missouri,Reynolds County,MOE
Missouri,Ripley County,MOE
Missouri,Saline County,MOW
Missouri,Schuyler County,MOE
Missouri,Scotland County,MOE
Missouri,Scott County,MOE
Missouri,Shannon County,MOE
Missouri,Shelby County,MOE
Missouri,St. Charles County,MOE
Missouri,St. Clair County,MOW
Missouri,St. Francois County,MOE
Missouri,St. Louis city,MOE
Missouri,St. Louis County,MOE
Missouri,Ste. Genevieve County,MOE
Missouri,Stoddard County,MOE
Missouri,Stone County,MOW
Missouri,Sullivan County,MOW
Missouri,Taney County,MOW
Missouri,Texas County,MOW
Missouri,Vernon County,MOW
Missouri,Warren County,MOE
Missouri,Washington County,MOE
Missouri,Wayne County,MOE
Missouri,Webster County,MOW
Missouri,Worth County,MOW
Missouri,Wright County,MOW
Mississippi,Adams County,MSS
Mississippi,Alcorn County,MSN
Mississippi,Amite County,MSS
Mississippi,Attala County,MSN
Mississippi,Benton County,MSN
Mississippi,Bolivar County,MSN
Mississippi,Calhoun County,MSN
Mississippi,Carroll County,MSN
Mississippi,Chickasaw County,MSN
Mississippi,Choctaw County,MSN
Mississippi,Claiborne County,MSS
Mississippi,Clarke County,MSS
Mississippi,Clay County,MSN
Mississippi,Coahoma County,MSN
Mississippi,Copiah County,MSS
Mississippi,Covington County,MSS
Mississippi,DeSoto County,MSN
Mississippi,Forrest County,MSS
Mississippi,Franklin County,MSS
Mississippi,George County,MSS
Mississippi,Greene County,MSS
Mississippi,Grenada County,MSN
Mississippi,Hancock County,MSS
Mississippi,Harrison County,MSS
Mississippi,Hinds County,MSS
Mississippi,Holmes County,MSS
Mississippi,Humphreys County,MSN
Mississippi,Issaquena County,MSS
Mississippi,Itawamba County,MSN
Mississippi,Jackson County,MSS
Mississippi,Jasper County,MSS
Mississippi,Jefferson County,MSS
Mississippi,Jefferson Davis County,MSS
Mississippi,Jones County,MSS
Mississippi,Kemper County,MSS
Mississippi,Lafayette County,MSN
Mississippi,Lamar County,MSS
Mississippi,Lauderdale County,MSS
Mississippi,Lawrence County,MSS
Mississippi,Leake County,MSS
Mississippi,Lee County,MSN
Mississippi,Leflore County,MSN
Mississippi,Lincoln County,MSS
Mississippi,Lowndes County,MSN
Mississippi,Madison County,MSS
Mississippi,Marion County,MSS
Mississippi,Marshall County,MSN
Mississippi,Monroe County,MSN
Mississippi,Montgomery County,MSN
Mississippi,Neshoba County,MSS
Mississippi,Newton County,MSS
Mississippi,Noxubee County,MSS
Mississippi,Oktibbeha County,MSN
Mississippi,Panola County,MSN
Mississippi,Pearl River County,MSS
Mississippi,Perry County,MSS
Mississippi,Pike County,MSS
Mississippi,Pontotoc County,MSN
Mississippi,Prentiss County,MSN
Mississippi,Quitman County,MSN
Mississippi,Rankin County,MSS
Mississippi,Scott County,MSS
Mississippi,Sharkey County,MSS
Mississippi,Simpson County,MSS
Mississippi,Smith County,MSS
Mississippi,Stone County,MSS
Mississippi,Sunflower County,MSN
Mississippi,Tallahatchie County,MSN
Mississippi,Tate County,MSN
Mississippi,Tippah County,MSN
Mississippi,Tishomingo County,MSN
Mississippi,Tunica County,MSN
Mississippi,Union County,MSN
Mississippi,Walthall County,MSS
Mississippi,Warren County,MSS
Mississippi,Washington County,MSN
Mississippi,Wayne County,MSS
Mississippi,Webster County,MSN
Mississippi,Wilkinson County,MSS
Mississippi,Winston County,MSN
Mississippi,Yalobusha County,MSN
Mississippi,Yazoo County,MSS
Montana,All Counties,MT
Nebraska,All Counties,NE
New Hampshire,All Counties,NH
New Jersey,All Counties,NJ
New Mexico,All Counties,NM
Nevada,All Counties,NV
New York,Albany County,N.D.N.Y.
New York,Allegany County,W.D.N.Y.
New York,Bronx County,S.D.N.Y.
New York,Broome County,N.D.N.Y.
New York,Cattaraugus County,W.D.N.Y.
New York,Cayuga County,N.D.N.Y.
New York,Chautauqua County,W.D.N.Y.
New York,Chemung County,W.D.N.Y.
New York,Chenango County,N.D.N.Y.
New York,Clinton County,N.D.N.Y.
New York,Columbia County,N.D.N.Y.
New York,Cortland County,N.D.N.Y.
New York,Delaware County,N.D.N.Y.
New York,Dutchess County,S.D.N.Y.
New York,Erie County,W.D.N.Y.
New York,Essex County,N.D.N.Y.
New York,Franklin County,N.D.N.Y.
New York,Fulton County,N.D.N.Y.
New York,Genesee County,W.D.N.Y.
New York,Greene County,N.D.N.Y.
New York,Hamilton County,N.D.N.Y.
New York,Herkimer County,N.D.N.Y.
New York,Jefferson County,N.D.N.Y.
New York,Kings County,E.D.N.Y.
New York,Lewis County,N.D.N.Y.
New York,Livingston County,W.D.N.Y.
New York,Madison County,N.D.N.Y.
New York,Monroe County,W.D.N.Y.
New York,Montgomery County,N.D.N.Y.
New York,Nassau County,E.D.N.Y.
New York,New York County,S.D.N.Y.
New York,Niagara County,W.D.N.Y.
New York,Oneida County,N.D.N.Y.
New York,Onondaga County,N.D.N.Y.
New York,Ontario County,W.D.N.Y.
New York,Orange County,S.D.N.Y.
New York,Orleans County,W.D.N.Y.
New York,Oswego County,N.D.N.Y.
New York,Otsego County,N.D.N.Y.
New York,Putnam County,S.D.N.Y.
New York,Queens County,E.D.N.Y.
New York,Rensselaer County,N.D.N.Y.
New York,Richmond County,E.D.N.Y.
New York,Rockland County,S.D.N.Y.
New York,Saratoga County,N.D.N.Y.
New York,Schenectady County,N.D.N.Y.
New York,Schoharie County,N.D.N.Y.
New York,Schuyler County,W.D.N.Y.
New York,Seneca County,W.D.N.Y.
New York,St. Lawrence County,N.D.N.Y.
New York,Steuben County,W.D.N.Y.
New York,Suffolk County,E.D.N.Y.
New York,Sullivan County,S.D.N.Y.
New York,Tioga County,N.D.N.Y.
New York,Tompkins County,N.D.N.Y.
New York,Ulster County,N.D.N.Y.
New York,Warren County,N.D.N.Y.
New York,Washington County,N.D.N.Y.
New York,Wayne County,W.D.N.Y.
New York,Westchester County,S.D.N.Y.
New York,Wyoming County,W.D.N.Y.
New York,Yates County,W.D.N.Y.
North Dakota,All Counties,ND
Northern Mariana Islands,All Counties,NMI
Ohio,Adams County,OHS
Ohio,Allen County,OHN
Ohio,Ashland County,OHN
Ohio,Ashtabula County,OHN
Ohio,Athens County,OHS
Ohio,Auglaize County,OHN
Ohio,Belmont County,OHS
Ohio,Brown County,OHS
Ohio,Butler County,OHS
Ohio,Carroll County,OHN
Ohio,Champaign County,OHS
Ohio,Clark County,OHS
Ohio,Clermont County,OHS
Ohio,Clinton County,OHS
Ohio,Columbiana County,OHN
Ohio,Coshocton County,OHS
Ohio,Crawford County,OHN
Ohio,Cuyahoga County,OHN
Ohio,Darke County,OHS
Ohio,Defiance County,OHN
Ohio,Delaware County,OHS
Ohio,Erie County,OHN
Ohio,Fairfield County,OHS
Ohio,Fayette County,OHS
Ohio,Franklin County,OHS
Ohio,Fulton County,OHN
Ohio,Gallia County,OHS
Ohio,Geauga County,OHN
Ohio,Greene County,OHS
Ohio,Guernsey County,OHS
Ohio,Hamilton County,OHS
Ohio,Hancock County,OHN
Ohio,Hardin County,OHN
Ohio,Harrison County,OHS
Ohio,Henry County,OHN
Ohio,Highland County,OHS
Ohio,Hocking County,OHS
Ohio,Holmes County,OHN
Ohio,Huron County,OHN
Ohio,Jackson County,OHS
Ohio,Jefferson County,OHS
Ohio,Knox County,OHS
Ohio,Lake County,OHN
Ohio,Lawrence County,OHS
Ohio,Licking County,OHS
Ohio,Logan County,OHS
Ohio,Lorain County,OHN
Ohio,Lucas County,OHN
Ohio,Madison County,OHS
Ohio,Mahoning County,OHN
Ohio,Marion County,OHN
Ohio,Medina County,OHN
Ohio,Meigs County,OHS
Ohio,Mercer County,OHN
Ohio,Miami County,OHS
Ohio,Monroe County,OHS
Ohio,Montgomery County,OHS
Ohio,Morgan County,OHS
Ohio,Morrow County,OHS
Ohio,Muskingum County,OHS
Ohio,Noble County,OHS
Ohio,Ottawa County,OHN
Ohio,Paulding County,OHN
Ohio,Perry County,OHS
Ohio,Pickaway County,OHS
Ohio,Pike County,OHS
Ohio,Portage County,OHN
Ohio,Preble County,OHS
Ohio,Putnam County,OHN
Ohio,Richland County,OHN
Ohio,Ross County,OHS
Ohio,Sandusky County,OHN
Ohio,Scioto County,OHS
Ohio,Seneca County,OHN
Ohio,Shelby County,OHS
Ohio,Stark County,OHN
Ohio,Summit County,OHN
Ohio,Trumbull County,OHN
Ohio,Tuscarawas County,OHN
Ohio,Union County,OHS
Ohio,Van Wert County,OHN
Ohio,Vinton County,OHS
Ohio,Warren County,OHS
Ohio,Washington County,OHS
Ohio,Wayne County,OHN
Ohio,Williams County,OHN
Ohio,Wood County,OHN
Ohio,Wyandot County,OHN
Oklahoma,Adair County,OKE
Oklahoma,Alfalfa County,OKW
Oklahoma,Atoka County,OKE
Oklahoma,Beaver County,OKW
Oklahoma,Beckham County,OKW
Oklahoma,Blaine County,OKW
Oklahoma,Bryan County,OKE
Oklahoma,Caddo County,OKW
Oklahoma,Canadian County,OKW
Oklahoma,Carter County,OKE
Oklahoma,Cherokee County,OKE
Oklahoma,Choctaw County,OKE
Oklahoma,Cimarron County,OKW
Oklahoma,Cleveland County,OKW
Oklahoma,Coal County,OKE
Oklahoma,Comanche County,OKW
Oklahoma,Cotton County,OKW
Oklahoma,Craig County,OKN
Oklahoma,Creek County,OKN
Oklahoma,Custer County,OKW
Oklahoma,Delaware County,OKN
Oklahoma,Dewey County,OKW
Oklahoma,Ellis County,OKW
Oklahoma,Garfield County,OKW
Oklahoma,Garvin County,OKW
Oklahoma,Grady County,OKW
Oklahoma,Grant County,OKW
Oklahoma,Greer County,OKW
Oklahoma,Harmon County,OKW
Oklahoma,Harper County,OKW
Oklahoma,Haskell County,OKE
Oklahoma,Hughes County,OKE
Oklahoma,Jackson County,OKW
Oklahoma,Jefferson County,OKW
Oklahoma,Johnston County,OKE
Oklahoma,Kay County,OKW
Oklahoma,Kingfisher County,OKW
Oklahoma,Kiowa County,OKW
Oklahoma,Latimer County,OKE
Oklahoma,Le Flore County,OKE
Oklahoma,Lincoln County,OKW
Oklahoma,Logan County,OKW
Oklahoma,Love County,OKE
Oklahoma,Major County,OKW
Oklahoma,Marshall County,OKE
Oklahoma,Mayes County,OKN
Oklahoma,McClain County,OKW
Oklahoma,McCurtain County,OKE
Oklahoma,McIntosh County,OKE
Oklahoma,Murray County,OKE
Oklahoma,Muskogee County,OKE
Oklahoma,Noble County,OKW
Oklahoma,Nowata County,OKN
Oklahoma,Okfuskee County,OKE
Oklahoma,Oklahoma County,OKW
Oklahoma,Okmulgee County,OKE
Oklahoma,Osage County,OKN
Oklahoma,Ottawa County,OKN
Oklahoma,Pawnee County,OKN
Oklahoma,Payne County,OKW
Oklahoma,Pittsburg County,OKE
Oklahoma,Pontotoc County,OKE
Oklahoma,Pottawatomie County,OKW
Oklahoma,Pushmataha County,OKE
Oklahoma,Roger Mills County,OKW
Oklahoma,Rogers County,OKN
Oklahoma,Seminole County,OKE
Oklahoma,Sequoyah County,OKE
Oklahoma,Stephens County,OKW
Oklahoma,Texas County,OKW
Oklahoma,Tillman County,OKW
Oklahoma,Tulsa County,OKN
Oklahoma,Wagoner County,OKE
Oklahoma,Washington County,OKN
Oklahoma,Washita County,OKW
Oklahoma,Woods County,OKW
Oklahoma,Woodward County,OKW
Oregon,All Counties,OR
Pennsylvania,Adams County,PAM
Pennsylvania,Allegheny County,PAW
Pennsylvania,Armstrong County,PAW
Pennsylvania,Beaver County,PAW
Pennsylvania,Bedford County,PAW
Pennsylvania,Berks County,PAE
Pennsylvania,Blair County,PAW
Pennsylvania,Bradford County,PAM
Pennsylvania,Bucks County,PAE
Pennsylvania,Butler County,PAW
Pennsylvania,Cambria County,PAW
Pennsylvania,Cameron County,PAM
Pennsylvania,Carbon County,PAM
Pennsylvania,Centre County,PAM
Pennsylvania,Chester County,PAE
Pennsylvania,Clarion County,PAW
Pennsylvania,Clearfield County,PAW
Pennsylvania,Clinton County,PAM
Pennsylvania,Columbia County,PAM
Pennsylvania,Crawford County,PAW
Pennsylvania,Cumberland County,PAM
Pennsylvania,Dauphin County,PAM
Pennsylvania,Delaware County,PAE
Pennsylvania,Elk County,PAW
Pennsylvania,Erie County,PAW
Pennsylvania,Fayette County,PAW
Pennsylvania,Forest County,PAW
Pennsylvania,Franklin County,PAM
Pennsylvania,Fulton County,PAM
Pennsylvania,Greene County,PAW
Pennsylvania,Huntingdon County,PAM
Pennsylvania,Indiana County,PAW
Pennsylvania,Jefferson County,PAW
Pennsylvania,Juniata County,PAM
Pennsylvania,Lackawanna County,PAM
Pennsylvania,Lancaster County,PAE
Pennsylvania,Lawrence County,PAW
Pennsylvania,Lebanon County,PAM
Pennsylvania,Lehigh County,PAE
Pennsylvania,Luzerne County,PAM
Pennsylvania,Lycoming County,PAM
Pennsylvania,McKean County,PAW
Pennsylvania,Mercer County,PAW
Pennsylvania,Mifflin County,PAM
Pennsylvania,Monroe County,PAM
Pennsylvania,Montgomery County,PAE
Pennsylvania,Montour County,PAM
Pennsylvania,Northampton County,PAE
Pennsylvania,Northumberland County,PAM
Pennsylvania,Perry County,PAM
Pennsylvania,Philadelphia County,PAE
Pennsylvania,Pike County,PAM
Pennsylvania,Potter County,PAM
Pennsylvania,Schuylkill County,PAM
Pennsylvania,Snyder County,PAM
Pennsylvania,Somerset County,PAW
Pennsylvania,Sullivan County,PAM
Pennsylvania,Susquehanna County,PAM
Pennsylvania,Tioga County,PAM
Pennsylvania,Union County,PAM
Pennsylvania,Venango County,PAW
Pennsylvania,Warren County,PAW
Pennsylvania,Washington County,PAW
Pennsylvania,Wayne County,PAM
Pennsylvania,Westmoreland County,PAW
Pennsylvania,Wyoming County,PAM
Pennsylvania,York County,PAM
Puerto Rico,All Counties,PR
Rhode Island,All Counties,RI
South Carolina,All Counties,SC
South Dakota,All Counties,SD
Tennessee,Anderson County,TNE
Tennessee,Bedford County,TNE
Tennessee,Benton County,TNW
Tennessee,Bledsoe County,TNE
Tennessee,Blount County,TNE
Tennessee,Bradley County,TNE
Tennessee,Campbell County,TNE
Tennessee,Cannon County,TNM
Tennessee,Carroll County,TNW
Tennessee,Carter County,TNE
Tennessee,Cheatham County,TNM
Tennessee,Chester County,TNW
Tennessee,Claiborne County,TNE
Tennessee,Clay County,TNM
Tennessee,Cocke County,TNE
Tennessee,Coffee County,TNE
Tennessee,Crockett County,TNW
Tennessee,Cumberland County,TNM
Tennessee,Davidson County,TNM
Tennessee,Decatur County,TNW
Tennessee,DeKalb County,TNM
Tennessee,Dickson County,TNM
Tennessee,Dyer County,TNW
Tennessee,Fayette County,TNW
Tennessee,Fentress County,TNM
Tennessee,Franklin County,TNE
Tennessee,Gibson County,TNW
Tennessee,Giles County,TNM
Tennessee,Grainger County,TNE
Tennessee,Greene County,TNE
Tennessee,Grundy County,TNE
Tennessee,Hamblen County,TNE
Tennessee,Hamilton County,TNE
Tennessee,Hancock County,TNE
Tennessee,Hardeman County,TNW
Tennessee,Hardin County,TNW
Tennessee,Hawkins County,TNE
Tennessee,Haywood County,TNW
Tennessee,Henderson County,TNW
Tennessee,Henry County,TNW
Tennessee,Hickman County,TNM
Tennessee,Houston County,TNM
Tennessee,Humphreys County,TNM
Tennessee,Jackson County,TNM
Tennessee,Jefferson County,TNE
Tennessee,Johnson County,TNE
Tennessee,Knox County,TNE
Tennessee,Lake County,TNW
Tennessee,Lauderdale County,TNW
Tennessee,Lawrence County,TNM
Tennessee,Lewis County,TNM
Tennessee,Lincoln County,TNE
Tennessee,Loudon County,TNE
Tennessee,Macon County,TNM
Tennessee,Madison County,TNW
Tennessee,Marion County,TNE
Tennessee,Marshall County,TNM
Tennessee,Maury County,TNM
Tennessee,McMinn County,TNE
Tennessee,McNairy County,TNW
Tennessee,Meigs County,TNE
Tennessee,Monroe County,TNE
Tennessee,Montgomery County,TNM
Tennessee,Moore County,TNE
Tennessee,Morgan County,TNE
Tennessee,Obion County,TNW
Tennessee,Overton County,TNM
Tennessee,Perry County,TNW
Tennessee,Pickett County,TNM
Tennessee,Polk County,TNE
Tennessee,Putnam County,TNM
Tennessee,Rhea County,TNE
Tennessee,Roane County,TNE
Tennessee,Robertson County,TNM
Tennessee,Rutherford County,TNM
Tennessee,Scott County,TNE
Tennessee,Sequatchie County,TNE
Tennessee,Sevier County,TNE
Tennessee,Shelby County,TNW
Tennessee,Smith County,TNM
Tennessee,Stewart County,TNM
Tennessee,Sullivan County,TNE
Tennessee,Sumner County,TNM
Tennessee,Tipton County,TNW
Tennessee,Trousdale County,TNM
Tennessee,Unicoi County,TNE
Tennessee,Union County,TNE
Tennessee,Van Buren County,TNE
Tennessee,Warren County,TNE
Tennessee,Washington County,TNE
Tennessee,Wayne County,TNM
Tennessee,Weakley County,TNW
Tennessee,White County,TNM
Tennessee,Williamson County,TNM
Tennessee,Wilson County,TNM
Texas,Anderson County,TXE
Texas,Andrews County,TXW
Texas,Angelina County,TXE
Texas,Aransas County,TXS
Texas,Archer County,TXN
Texas,Armstrong County,TXN
Texas,Atascosa County,TXW
Texas,Austin County,TXS
Texas,Bailey County,TXN
Texas,Bandera County,TXW
Texas,Bastrop County,TXW
Texas,Baylor County,TXN
Texas,Bee County,TXS
Texas,Bell County,TXW
Texas,Bexar County,TXW
Texas,Blanco County,TXW
Texas,Borden County,TXN
Texas,Bosque County,TXW
Texas,Bowie County,TXE
Texas,Brazoria County,TXS
Texas,Brazos County,TXS
Texas,Brewster County,TXW
Texas,Briscoe County,TXN
Texas,Brooks County,TXS
Texas,Brown County,TXN
Texas,Burleson County,TXW
Texas,Burnet County,TXW
Texas,Caldwell County,TXW
Texas,Calhoun County,TXS
Texas,Callahan County,TXN
Texas,Cameron County,TXS
Texas,Camp County,TXE
Texas,Carson County,TXN
Texas,Cass County,TXE
Texas,Castro County,TXN
Texas,Chambers County,TXS
Texas,Cherokee County,TXE
Texas,Childress County,TXN
Texas,Clay County,TXN
Texas,Cochran County,TXN
Texas,Coke County,TXN
Texas,Coleman County,TXN
Texas,Collin County,TXE
Texas,Collingsworth County,TXN
Texas,Colorado County,TXS
Texas,Comal County,TXW
Texas,Comanche County,TXN
Texas,Concho County,TXN
Texas,Cooke County,TXE
Texas,Coryell County,TXW
Texas,Cottle County,TXN
Texas,Crane County,TXW
Texas,Crockett County,TXN
Texas,Crosby County,TXN
Texas,Culberson County,TXW
Texas,Dallam County,TXN
Texas,Dallas County,TXN
Texas,Dawson County,TXN
Texas,Deaf Smith County,TXN
Texas,Delta County,TXE
Texas,Denton County,TXE
Texas,DeWitt County,TXS
Texas,Dickens County,TXN
Texas,Dimmit County,TXW
Texas,Donley County,TXN
Texas,Duval County,TXS
Texas,Eastland County,TXN
Texas,Ector County,TXW
Texas,Edwards County,TXW
Texas,El Paso County,TXW
Texas,Ellis County,TXN
Texas,Erath County,TXN
Texas,Falls County,TXW
Texas,Fannin County,TXE
Texas,Fayette County,TXS
Texas,Fisher County,TXN
Texas,Floyd County,TXN
Texas,Foard County,TXN
Texas,Fort Bend County,TXS
Texas,Franklin County,TXE
Texas,Freestone County,TXW
Texas,Frio County,TXW
Texas,Gaines County,TXN
Texas,Galveston County,TXS
Texas,Garza County,TXN
Texas,Gillespie County,TXW
Texas,Glasscock County,TXN
Texas,Goliad County,TXS
Texas,Gonzales County,TXW
Texas,Gray County,TXN
Texas,Grayson County,TXE
Texas,Gregg County,TXE
Texas,Grimes County,TXS
Texas,Guadalupe County,TXW
Texas,Hale County,TXN
Texas,Hall County,TXN
Texas,Hamilton County,TXW
Texas,Hansford County,TXN
Texas,Hardeman County,TXN
Texas,Hardin County,TXE
Texas,Harris County,TXS
Texas,Harrison County,TXE
Texas,Hartley County,TXN
Texas,Haskell County,TXN
Texas,Hays County,TXW
Texas,Hemphill County,TXN
Texas,Henderson County,TXE
Texas,Hidalgo County,TXS
Texas,Hill County,TXW
Texas,Hockley County,TXN
Texas,Hood County,TXN
Texas,Hopkins County,TXE
Texas,Houston County,TXE
Texas,Howard County,TXN
Texas,Hudspeth County,TXW
Texas,Hunt County,TXN
Texas,Hutchinson County,TXN
Texas,Irion County,TXN
Texas,Jack County,TXN
Texas,Jackson County,TXS
Texas,Jasper County,TXE
Texas,Jeff Davis County,TXW
Texas,Jefferson County,TXE
Texas,Jim Hogg County,TXS
Texas,Jim Wells County,TXS
Texas,Johnson County,TXN
Texas,Jones County,TXN
Texas,Karnes County,TXW
Texas,Kaufman County,TXN
Texas,Kendall County,TXW
Texas,Kenedy County,TXS
Texas,Kent County,TXN
Texas,Kerr County,TXW
Texas,Kimble County,TXW
Texas,King County,TXN
Texas,Kinney County,TXW
Texas,Kleberg County,TXS
Texas,Knox County,TXN
Texas,La Salle County,TXS
Texas,Lamar County,TXE
Texas,Lamb County,TXN
Texas,Lampasas County,TXW
Texas,Lavaca County,TXS
Texas,Lee County,TXW
Texas,Leon County,TXW
Texas,Liberty County,TXE
Texas,Limestone County,TXW
Texas,Lipscomb County,TXN
Texas,Live Oak County,TXS
Texas,Llano County,TXW
Texas,Loving County,TXW
Texas,Lubbock County,TXN
Texas,Lynn County,TXN
Texas,Madison County,TXS
Texas,Marion County,TXE
Texas,Martin County,TXW
Texas,Mason County,TXW
Texas,Matagorda County,TXS
Texas,Maverick County,TXW
Texas,McCulloch County,TXW
Texas,McLennan County,TXW
Texas,McMullen County,TXS
Texas,Medina County,TXW
Texas,Menard County,TXN
Texas,Midland County,TXW
Texas,Milam County,TXW
Texas,Mills County,TXN
Texas,Mitchell County,TXN
Texas,Montague County,TXN
Texas,Montgomery County,TXS
Texas,Moore County,TXN
Texas,Morris County,TXE
Texas,Motley County,TXN
Texas,Nacogdoches County,TXE
Texas,Navarro County,TXN
Texas,Newton County,TXE
Texas,Nolan County,TXN
Texas,Nueces County,TXS
Texas,Ochiltree County,TXN
Texas,Oldham County,TXN
Texas,Orange County,TXE
Texas,Palo Pinto County,TXN
Texas,Panola County,TXE
Texas,Parker County,TXN
Texas,Parmer County,TXN
Texas,Pecos County,TXW
Texas,Polk County,TXE
Texas,Potter County,TXN
Texas,Presidio County,TXW
Texas,Rains County,TXE
Texas,Randall County,TXN
Texas,Reagan County,TXN
Texas,Real County,TXW
Texas,Red River County,TXE
Texas,Reeves County,TXW
Texas,Refugio County,TXS
Texas,Roberts County,TXN
Texas,Robertson County,TXW
Texas,Rockwall County,TXN
Texas,Runnels County,TXN
Texas,Rusk County,TXE
Texas,Sabine County,TXE
Texas,San Augustine County,TXE
Texas,San Jacinto County,TXS
Texas,San Patricio County,TXS
Texas,San Saba County,TXW
Texas,Schleicher County,TXN
Texas,Scurry County,TXN
Texas,Shackelford County,TXN
Texas,Shelby County,TXE
Texas,Sherman County,TXN
Texas,Smith County,TXE
Texas,Somervell County,TXW
Texas,Starr County,TXS
Texas,Stephens County,TXN
Texas,Sterling County,TXN
Texas,Stonewall County,TXN
Texas,Sutton County,TXN
Texas,Swisher County,TXN
Texas,Tarrant County,TXN
Texas,Taylor County,TXN
Texas,Terrell County,TXW
Texas,Terry County,TXN
Texas,Throckmorton County,TXN
Texas,Titus County,TXE
Texas,Tom Green County,TXN
Texas,Travis County,TXW
Texas,Trinity County,TXE
Texas,Tyler County,TXE
Texas,Upshur County,TXE
Texas,Upton County,TXW
Texas,Uvalde County,TXW
Texas,Val Verde County,TXW
Texas,Van Zandt County,TXE
Texas,Victoria County,TXS
Texas,Walker County,TXS
Texas,Waller County,TXS
Texas,Ward County,TXW
Texas,Washington County,TXW
Texas,Webb County,TXS
Texas,Wharton County,TXS
Texas,Wheeler County,TXN
Texas,Wichita County,TXN
Texas,Wilbarger County,TXN
Texas,Willacy County,TXS
Texas,Williamson County,TXW
Texas,Wilson County,TXW
Texas,Winkler County,TXW
Texas,Wise County,TXN
Texas,Wood County,TXE
Texas,Yoakum County,TXN
Texas,Young County,TXN
Texas,Zapata County,TXS
Texas,Zavala County,TXW
Utah,All Counties,UT
Vermont,All Counties,VT
Virgin Islands,All Counties,VI
Virginia,Accomack County,VAE
Virginia,Albemarle County,VAW
Virginia,Alexandria city,VAE
Virginia,Alleghany County,VAW
Virginia,Amelia County,VAE
Virginia,Amherst County,VAW
Virginia,Appomattox County,VAW
Virginia,Arlington County,VAE
Virginia,Augusta County,VAW
Virginia,Bath County,VAW
Virginia,Bedford city,VAW
Virginia,Bedford County,VAW
Virginia,Bland County,VAW
Virginia,Botetourt County,VAW
Virginia,Bristol city,VAW
Virginia,Brunswick County,VAE
Virginia,Buchanan County,VAW
Virginia,Buckingham County,VAW
Virginia,Buena Vista city,VAW
Virginia,Campbell County,VAW
Virginia,Caroline County,VAE
Virginia,Carroll County,VAW
Virginia,Charles City County,VAE
Virginia,Charlotte County,VAW
Virginia,Charlottesville city,VAW
Virginia,Chesapeake city,VAE
Virginia,Chesterfield County,VAE
Virginia,Clarke County,VAW
Virginia,Clifton Forge city,VAW
Virginia,Colonial Heights city,VAE
Virginia,Covington city,VAW
Virginia,Craig County,VAW
Virginia,Culpeper County,VAW
Virginia,Cumberland County,VAW
Virginia,Danville city,VAW
Virginia,Dickenson County,VAW
Virginia,Dinwiddie County,VAE
Virginia,Emporia city,VAE
Virginia,Essex County,VAE
Virginia,Fairfax city,VAE
Virginia,Fairfax County,VAE
Virginia,Falls Church city,VAE
Virginia,Fauquier County,VAE
Virginia,Floyd County,VAW
Virginia,Fluvanna County,VAW
Virginia,Franklin city,VAW
Virginia,Franklin County,VAW
Virginia,Frederick County,VAW
Virginia,Fredericksburg city,VAE
Virginia,Galax city,VAW
Virginia,Giles County,VAW
Virginia,Gloucester County,VAE
Virginia,Goochland County,VAE
Virginia,Grayson County,VAW
Virginia,Greene County,VAW
Virginia,Greensville County,VAE
Virginia,Halifax County,VAW
Virginia,Hampton city,VAE
Virginia,Hanover County,VAE
Virginia,Harrisonburg city,VAW
Virginia,Henrico County,VAE
Virginia,Henry County,VAW
Virginia,Highland County,VAW
Virginia,Hopewell city,VAE
Virginia,Isle of Wight County,VAE
Virginia,James City County,VAE
Virginia,King and Queen County,VAE
Virginia,King George County,VAE
Virginia,King William County,VAE
Virginia,Lancaster County,VAE
Virginia,Lee County,VAW
Virginia,Lexington city,VAW
Virginia,Loudoun County,VAE
Virginia,Louisa County,VAW
Virginia,Lunenburg County,VAE
Virginia,Lynchburg city,VAW
Virginia,Madison County,VAW
Virginia,Manassas city,VAE
Virginia,Manassas Park city,VAE
Virginia,Martinsville city,VAW
Virginia,Mathews County,VAE
Virginia,Mecklenburg County,VAE
Virginia,Middlesex County,VAE
Virginia,Montgomery County,VAW
Virginia,Nelson County,VAW
Virginia,New Kent County,VAE
Virginia,Newport News city,VAE
Virginia,Norfolk city,VAE
Virginia,Northampton County,VAE
Virginia,Northumberland County,VAE
Virginia,Norton city,VAW
Virginia,Nottoway County,VAE
Virginia,Orange County,VAW
Virginia,Page County,VAW
Virginia,Patrick County,VAW
Virginia,Petersburg city,VAE
Virginia,Pittsylvania County,VAW
Virginia,Poquoson city,VAE
Virginia,Portsmouth city,VAE
Virginia,Powhatan County,VAE
Virginia,Prince Edward County,VAE
Virginia,Prince George County,VAE
Virginia,Prince William County,VAE
Virginia,Pulaski County,VAW
Virginia,Radford city,VAW
Virginia,Rappahannock County,VAW
Virginia,Richmond city,VAE
Virginia,Richmond County,VAE
Virginia,Roanoke city,VAW
Virginia,Roanoke County,VAW
Virginia,Rockbridge County,VAW
Virginia,Rockingham County,VAW
Virginia,Russell County,VAW
Virginia,Salem city,VAW
Virginia,Scott County,VAW
Virginia,Shenandoah County,VAW
Virginia,Smyth County,VAW
Virginia,Southampton County,VAE
Virginia,Spotsylvania County,VAE
Virginia,Stafford County,VAE
Virginia,Staunton city,VAW
Virginia,Suffolk city,VAE
Virginia,Surry County,VAE
Virginia,Sussex County,VAE
Virginia,Tazewell County,VAW
Virginia,Virginia Beach city,VAE
Virginia,Warren County,VAW
Virginia,Washington County,VAW
Virginia,Waynesboro city,VAW
Virginia,Westmoreland County,VAE
Virginia,Williamsburg city,VAE
Virginia,Winchester city,VAW
Virginia,Wise County,VAW
Virginia,Wythe County,VAW
Virginia,York County,VAE
Washington,Adams County,WAE
Washington,Asotin County,WAE
Washington,Benton County,WAE
Washington,Chelan County,WAE
Washington,Clallam County,WAW
Washington,Clark County,WAW
Washington,Columbia County,WAE
Washington,Cowlitz County,WAW
Washington,Douglas County,WAE
Washington,Ferry County,WAE
Washington,Franklin County,WAE
Washington,Garfield County,WAE
Washington,Grant County,WAE
Washington,Grays Harbor County,WAW
Washington,Island County,WAW
Washington,Jefferson County,WAW
Washington,King County,WAW
Washington,Kitsap County,WAW
Washington,Kittitas County,WAE
Washington,Klickitat County,WAE
Washington,Lewis County,WAW
Washington,Lincoln County,WAE
Washington,Mason County,WAW
Washington,Okanogan County,WAE
Washington,Pacific County,WAW
Washington,Pend Oreille County,WAE
Washington,Pierce County,WAW
Washington,San Juan County,WAW
Washington,Skagit County,WAW
Washington,Skamania County,WAW
Washington,Snohomish County,WAW
Washington,Spokane County,WAE
Washington,Stevens County,WAE
Washington,Thurston County,WAW
Washington,Wahkiakum County,WAW
Washington,Walla Walla County,WAE
Washington,Whatcom County,WAW
Washington,Whitman County,WAE
Washington,Yakima County,WAE
Wisconsin,Adams County,WIW
Wisconsin,Ashland County,WIW
Wisconsin,Barron County,WIW
Wisconsin,Bayfield County,WIW
Wisconsin,Brown County,WIE
Wisconsin,Buffalo County,WIW
Wisconsin,Burnett County,WIW
Wisconsin,Calumet County,WIE
Wisconsin,Chippewa County,WIW
Wisconsin,Clark County,WIW
Wisconsin,Columbia County,WIW
Wisconsin,Crawford County,WIW
Wisconsin,Dane County,WIW
Wisconsin,Dodge County,WIE
Wisconsin,Door County,WIE
Wisconsin,Douglas County,WIW
Wisconsin,Dunn County,WIW
Wisconsin,Eau Claire County,WIW
Wisconsin,Florence County,WIE
Wisconsin,Fond du Lac County,WIE
Wisconsin,Forest County,WIE
Wisconsin,Grant County,WIW
Wisconsin,Green County,WIW
Wisconsin,Green Lake County,WIE
Wisconsin,Iowa County,WIW
Wisconsin,Iron County,WIW
Wisconsin,Jackson County,WIW
Wisconsin,Jefferson County,WIW
Wisconsin,Juneau County,WIW
Wisconsin,Kenosha County,WIE
Wisconsin,Kewaunee County,WIE
Wisconsin,La Crosse County,WIW
Wisconsin,Lafayette County,WIW
Wisconsin,Langlade County,WIE
Wisconsin,Lincoln County,WIW
Wisconsin,Manitowoc County,WIE
Wisconsin,Marathon County,WIW
Wisconsin,Marinette County,WIE
Wisconsin,Marquette County,WIE
Wisconsin,Menominee County,WIE
Wisconsin,Milwaukee County,WIE
Wisconsin,Monroe County,WIW
Wisconsin,Oconto County,WIE
Wisconsin,Oneida County,WIW
Wisconsin,Outagamie County,WIE
Wisconsin,Ozaukee County,WIE
Wisconsin,Pepin County,WIW
Wisconsin,Pierce County,WIW
Wisconsin,Polk County,WIW
Wisconsin,Portage County,WIW
Wisconsin,Price County,WIW
Wisconsin,Racine County,WIE
Wisconsin,Richland County,WIW
Wisconsin,Rock County,WIW
Wisconsin,Rusk County,WIW
Wisconsin,Sauk County,WIW
Wisconsin,Sawyer County,WIW
Wisconsin,Shawano County,WIE
Wisconsin,Sheboygan County,WIE
Wisconsin,St. Croix County,WIW
Wisconsin,Taylor County,WIW
Wisconsin,Trempealeau County,WIW
Wisconsin,Vernon County,WIW
Wisconsin,Vilas County,WIW
Wisconsin,Walworth County,WIE
Wisconsin,Washburn County,WIW
Wisconsin,Washington County,WIE
Wisconsin,Waukesha County,WIE
Wisconsin,Waupaca County,WIE
Wisconsin,Waushara County,WIE
Wisconsin,Winnebago County,WIE
Wisconsin,Wood County,WIW
West Virginia,Barbour County,WVN
West Virginia,Berkeley County,WVN
West Virginia,Boone County,WVS
West Virginia,Braxton County,WVN
West Virginia,Brooke County,WVN
West Virginia,Cabell County,WVS
West Virginia,Calhoun County,WVN
West Virginia,Clay County,WVS
West Virginia,Doddridge County,WVN
West Virginia,Fayette County,WVS
West Virginia,Gilmer County,WVN
West Virginia,Grant County,WVN
West Virginia,Greenbrier County,WVS
West Virginia,Hampshire County,WVN
West Virginia,Hancock County,WVN
West Virginia,Hardy County,WVN
West Virginia,Harrison County,WVN
West Virginia,Jackson County,WVS
West Virginia,Jefferson County,WVN
West Virginia,Kanawha County,WVS
West Virginia,Lewis County,WVN
West Virginia,Lincoln County,WVS
West Virginia,Logan County,WVS
West Virginia,Marion County,WVN
West Virginia,Marshall County,WVN
West Virginia,Mason County,WVS
West Virginia,McDowell County,WVS
West Virginia,Mercer County,WVS
West Virginia,Mineral County,WVN
West Virginia,Mingo County,WVS
West Virginia,Monongalia County,WVN
West Virginia,Monroe County,WVS
West Virginia,Morgan County,WVN
West Virginia,Nicholas County,WVS
West Virginia,Ohio County,WVN
West Virginia,Pendleton County,WVN
West Virginia,Pleasants County,WVN
West Virginia,Pocahontas County,WVN
West Virginia,Preston County,WVN
West Virginia,Putnam County,WVS
West Virginia,Raleigh County,WVS
West Virginia,Randolph County,WVN
West Virginia,Ritchie County,WVN
West Virginia,Roane County,WVS
West Virginia,Summers County,WVS
West Virginia,Taylor County,WVN
West Virginia,Tucker County,WVN
West Virginia,Tyler County,WVN
West Virginia,Upshur County,WVN
West Virginia,Wayne County,WVS
West Virginia,Webster County,WVN
West Virginia,Wetzel County,WVN
West Virginia,Wirt County,WVS
West Virginia,Wood County,WVS
West Virginia,Wyoming County,WVS
Wyoming,All Counties,WY
